<?xml version="1.0" encoding="utf-8"?><feed xmlns="http://www.w3.org/2005/Atom" ><generator uri="https://jekyllrb.com/" version="3.5.2">Jekyll</generator><link href="http://localhost:4000/feed.xml" rel="self" type="application/atom+xml" /><link href="http://localhost:4000/" rel="alternate" type="text/html" /><updated>2017-09-05T10:02:31+05:30</updated><id>http://localhost:4000/</id><title type="html">Your awesome title</title><subtitle>Write an awesome description for your new site here. You can edit this line in _config.yml. It will appear in your document head meta (for Google search results) and in your feed.xml site description.
</subtitle><entry><title type="html">Lorem Ipsum is simply</title><link href="http://localhost:4000/product/2017/09/04/lorem-ipsum.html" rel="alternate" type="text/html" title="Lorem Ipsum is simply" /><published>2017-09-04T15:18:34+05:30</published><updated>2017-09-04T15:18:34+05:30</updated><id>http://localhost:4000/product/2017/09/04/lorem-ipsum</id><content type="html" xml:base="http://localhost:4000/product/2017/09/04/lorem-ipsum.html">&lt;p&gt;You’ll find this post in your &lt;code class=&quot;highlighter-rouge&quot;&gt;_posts&lt;/code&gt; directory. Go ahead and edit it and re-build the site to see your changes. You can rebuild the site in many different ways, but the most common way is to run &lt;code class=&quot;highlighter-rouge&quot;&gt;jekyll serve&lt;/code&gt;, which launches a web server and auto-regenerates your site when a file is updated.&lt;/p&gt;

&lt;p&gt;To add new posts, simply add a file in the &lt;code class=&quot;highlighter-rouge&quot;&gt;_posts&lt;/code&gt; directory that follows the convention &lt;code class=&quot;highlighter-rouge&quot;&gt;YYYY-MM-DD-name-of-post.ext&lt;/code&gt; and includes the necessary front matter. Take a look at the source for this post to get an idea about how it works.&lt;/p&gt;

&lt;p&gt;You’ll find this post in your &lt;code class=&quot;highlighter-rouge&quot;&gt;_posts&lt;/code&gt; directory. Go ahead and edit it and re-build the site to see your changes. You can rebuild the site in many different ways, but the most common way is to run &lt;code class=&quot;highlighter-rouge&quot;&gt;jekyll serve&lt;/code&gt;, which launches a web server and auto-regenerates your site when a file is updated.&lt;/p&gt;

&lt;p&gt;To add new posts, simply add a file in the &lt;code class=&quot;highlighter-rouge&quot;&gt;_posts&lt;/code&gt; directory that follows the convention &lt;code class=&quot;highlighter-rouge&quot;&gt;YYYY-MM-DD-name-of-post.ext&lt;/code&gt; and includes the necessary front matter. Take a look at the source for this post to get an idea about how it works.
You’ll find this post in your &lt;code class=&quot;highlighter-rouge&quot;&gt;_posts&lt;/code&gt; directory. Go ahead and edit it and re-build the site to see your changes. You can rebuild the site in many different ways, but the most common way is to run &lt;code class=&quot;highlighter-rouge&quot;&gt;jekyll serve&lt;/code&gt;, which launches a web server and auto-regenerates your site when a file is updated.&lt;/p&gt;

&lt;p&gt;To add new posts, simply add a file in the &lt;code class=&quot;highlighter-rouge&quot;&gt;_posts&lt;/code&gt; directory that follows the convention &lt;code class=&quot;highlighter-rouge&quot;&gt;YYYY-MM-DD-name-of-post.ext&lt;/code&gt; and includes the necessary front matter. Take a look at the source for this post to get an idea about how it works.
You’ll find this post in your &lt;code class=&quot;highlighter-rouge&quot;&gt;_posts&lt;/code&gt; directory. Go ahead and edit it and re-build the site to see your changes. You can rebuild the site in many different ways, but the most common way is to run &lt;code class=&quot;highlighter-rouge&quot;&gt;jekyll serve&lt;/code&gt;, which launches a web server and auto-regenerates your site when a file is updated.&lt;/p&gt;

&lt;p&gt;To add new posts, simply add a file in the &lt;code class=&quot;highlighter-rouge&quot;&gt;_posts&lt;/code&gt; directory that follows the convention &lt;code class=&quot;highlighter-rouge&quot;&gt;YYYY-MM-DD-name-of-post.ext&lt;/code&gt; and includes the necessary front matter. Take a look at the source for this post to get an idea about how it works.&lt;/p&gt;

&lt;p&gt;Jekyll also offers powerful support for code snippets:&lt;/p&gt;

&lt;figure class=&quot;highlight&quot;&gt;&lt;pre&gt;&lt;code class=&quot;language-ruby&quot; data-lang=&quot;ruby&quot;&gt;&lt;span class=&quot;k&quot;&gt;def&lt;/span&gt; &lt;span class=&quot;nf&quot;&gt;print_hi&lt;/span&gt;&lt;span class=&quot;p&quot;&gt;(&lt;/span&gt;&lt;span class=&quot;nb&quot;&gt;name&lt;/span&gt;&lt;span class=&quot;p&quot;&gt;)&lt;/span&gt;
  &lt;span class=&quot;nb&quot;&gt;puts&lt;/span&gt; &lt;span class=&quot;s2&quot;&gt;&quot;Hi, &lt;/span&gt;&lt;span class=&quot;si&quot;&gt;#{&lt;/span&gt;&lt;span class=&quot;nb&quot;&gt;name&lt;/span&gt;&lt;span class=&quot;si&quot;&gt;}&lt;/span&gt;&lt;span class=&quot;s2&quot;&gt;&quot;&lt;/span&gt;
&lt;span class=&quot;k&quot;&gt;end&lt;/span&gt;
&lt;span class=&quot;n&quot;&gt;print_hi&lt;/span&gt;&lt;span class=&quot;p&quot;&gt;(&lt;/span&gt;&lt;span class=&quot;s1&quot;&gt;'Tom'&lt;/span&gt;&lt;span class=&quot;p&quot;&gt;)&lt;/span&gt;
&lt;span class=&quot;c1&quot;&gt;#=&amp;gt; prints 'Hi, Tom' to STDOUT.&lt;/span&gt;&lt;/code&gt;&lt;/pre&gt;&lt;/figure&gt;

&lt;p&gt;Check out the &lt;a href=&quot;https://jekyllrb.com/docs/home&quot;&gt;Jekyll docs&lt;/a&gt; for more info on how to get the most out of Jekyll. File all bugs/feature requests at &lt;a href=&quot;https://github.com/jekyll/jekyll&quot;&gt;Jekyll’s GitHub repo&lt;/a&gt;. If you have questions, you can ask them on &lt;a href=&quot;https://talk.jekyllrb.com/&quot;&gt;Jekyll Talk&lt;/a&gt;.&lt;/p&gt;</content><author><name></name></author><summary type="html">You’ll find this post in your _posts directory. Go ahead and edit it and re-build the site to see your changes. You can rebuild the site in many different ways, but the most common way is to run jekyll serve, which launches a web server and auto-regenerates your site when a file is updated.</summary><media:thumbnail xmlns:media="http://search.yahoo.com/mrss/" url="http://localhost:4000/assets/images/pro-pic1.jpg" /></entry><entry><title type="html">Welcome to Jekyll!</title><link href="http://localhost:4000/jekyll/update/2017/09/04/welcome-to-jekyll.html" rel="alternate" type="text/html" title="Welcome to Jekyll!" /><published>2017-09-04T15:18:34+05:30</published><updated>2017-09-04T15:18:34+05:30</updated><id>http://localhost:4000/jekyll/update/2017/09/04/welcome-to-jekyll</id><content type="html" xml:base="http://localhost:4000/jekyll/update/2017/09/04/welcome-to-jekyll.html">&lt;p&gt;You’ll find this post in your &lt;code class=&quot;highlighter-rouge&quot;&gt;_posts&lt;/code&gt; directory. Go ahead and edit it and re-build the site to see your changes. You can rebuild the site in many different ways, but the most common way is to run &lt;code class=&quot;highlighter-rouge&quot;&gt;jekyll serve&lt;/code&gt;, which launches a web server and auto-regenerates your site when a file is updated.&lt;/p&gt;

&lt;p&gt;To add new posts, simply add a file in the &lt;code class=&quot;highlighter-rouge&quot;&gt;_posts&lt;/code&gt; directory that follows the convention &lt;code class=&quot;highlighter-rouge&quot;&gt;YYYY-MM-DD-name-of-post.ext&lt;/code&gt; and includes the necessary front matter. Take a look at the source for this post to get an idea about how it works.&lt;/p&gt;

&lt;p&gt;Jekyll also offers powerful support for code snippets:&lt;/p&gt;

&lt;figure class=&quot;highlight&quot;&gt;&lt;pre&gt;&lt;code class=&quot;language-ruby&quot; data-lang=&quot;ruby&quot;&gt;&lt;span class=&quot;k&quot;&gt;def&lt;/span&gt; &lt;span class=&quot;nf&quot;&gt;print_hi&lt;/span&gt;&lt;span class=&quot;p&quot;&gt;(&lt;/span&gt;&lt;span class=&quot;nb&quot;&gt;name&lt;/span&gt;&lt;span class=&quot;p&quot;&gt;)&lt;/span&gt;
  &lt;span class=&quot;nb&quot;&gt;puts&lt;/span&gt; &lt;span class=&quot;s2&quot;&gt;&quot;Hi, &lt;/span&gt;&lt;span class=&quot;si&quot;&gt;#{&lt;/span&gt;&lt;span class=&quot;nb&quot;&gt;name&lt;/span&gt;&lt;span class=&quot;si&quot;&gt;}&lt;/span&gt;&lt;span class=&quot;s2&quot;&gt;&quot;&lt;/span&gt;
&lt;span class=&quot;k&quot;&gt;end&lt;/span&gt;
&lt;span class=&quot;n&quot;&gt;print_hi&lt;/span&gt;&lt;span class=&quot;p&quot;&gt;(&lt;/span&gt;&lt;span class=&quot;s1&quot;&gt;'Tom'&lt;/span&gt;&lt;span class=&quot;p&quot;&gt;)&lt;/span&gt;
&lt;span class=&quot;c1&quot;&gt;#=&amp;gt; prints 'Hi, Tom' to STDOUT.&lt;/span&gt;&lt;/code&gt;&lt;/pre&gt;&lt;/figure&gt;

&lt;p&gt;Check out the &lt;a href=&quot;https://jekyllrb.com/docs/home&quot;&gt;Jekyll docs&lt;/a&gt; for more info on how to get the most out of Jekyll. File all bugs/feature requests at &lt;a href=&quot;https://github.com/jekyll/jekyll&quot;&gt;Jekyll’s GitHub repo&lt;/a&gt;. If you have questions, you can ask them on &lt;a href=&quot;https://talk.jekyllrb.com/&quot;&gt;Jekyll Talk&lt;/a&gt;.&lt;/p&gt;</content><author><name></name></author><summary type="html">You’ll find this post in your _posts directory. Go ahead and edit it and re-build the site to see your changes. You can rebuild the site in many different ways, but the most common way is to run jekyll serve, which launches a web server and auto-regenerates your site when a file is updated.</summary><media:thumbnail xmlns:media="http://search.yahoo.com/mrss/" url="http://localhost:4000/assets/images/pro-pic2.jpg" /></entry><entry><title type="html">My first trip: The wonderful Himalayan</title><link href="http://localhost:4000/2017/07/12/the-wonderful-himalayan.html" rel="alternate" type="text/html" title="My first trip: The wonderful Himalayan" /><published>2017-07-12T15:25:00+05:30</published><updated>2017-07-12T15:25:00+05:30</updated><id>http://localhost:4000/2017/07/12/the-wonderful-himalayan</id><content type="html" xml:base="http://localhost:4000/2017/07/12/the-wonderful-himalayan.html">&lt;p&gt;Flexitarian hella quinoa, stumptown chillwave squid heirloom pop-up church-key. Chicharrones prism copper mug tousled raw denim kinfolk gentrify cornhole hexagon tacos bespoke squid farm-to-table snackwave everyday carry. Vaporware chicharrones activated charcoal jianbing pok pok. Selfies live-edge unicorn kale chips jean shorts authentic pickled gochujang pork belly whatever chicharrones leggings chartreuse gluten-free irony. Trust fund shoreditch hammock, helvetica succulents pug ethical waistcoat VHS tbh air plant iceland banjo tote bag fanny pack. Ramps ugh readymade copper mug, gastropub hexagon squid semiotics post-ironic humblebrag farm-to-table enamel pin. Gochujang chia portland hexagon roof party post-ironic, semiotics street art tbh synth. Air plant vinyl sustainable pork belly. Chicharrones cronut raw denim listicle flexitarian franzen. Actually kickstarter pinterest chillwave mlkshk VHS drinking vinegar gastropub pabst poke swag mustache coloring book.&lt;/p&gt;

&lt;p&gt;Sriracha gochujang before they sold out, photo booth trust fund raw denim iceland. Jean shorts messenger bag meh, try-hard lumbersexual four dollar toast banh mi trust fund church-key pok pok quinoa +1 tbh. Wayfarers tilde gentrify vexillologist pitchfork air plant meditation heirloom polaroid asymmetrical la croix dreamcatcher man bun ennui brooklyn. Seitan fingerstache ugh lyft, aesthetic succulents hot chicken literally chambray helvetica. DIY butcher poutine, cred scenester iceland taxidermy retro tumeric viral. Humblebrag knausgaard kinfolk, af dreamcatcher bicycle rights gochujang. Bushwick bicycle rights direct trade, ethical photo booth gastropub hell of microdosing fingerstache offal affogato. Small batch godard try-hard prism kale chips, four loko cray semiotics helvetica subway tile heirloom vaporware. Venmo VHS keytar succulents chambray.&lt;/p&gt;

&lt;blockquote&gt;
  &lt;p&gt;Brunch hella poutine authentic farm-to-table. Stumptown craft beer lomo, heirloom single-origin coffee synth PBR&amp;amp;B post-ironic. &lt;cite&gt;- Lorem Ipsum&lt;/cite&gt;&lt;/p&gt;
&lt;/blockquote&gt;

&lt;p&gt;Banh mi hoodie viral, jianbing 3 wolf moon meditation tbh pok pok everyday carry lumbersexual kombucha iPhone. Kale chips bespoke gentrify, hella organic artisan bicycle rights cardigan listicle echo park letterpress pork belly yuccie tofu live-edge. Cred crucifix ethical, cloud bread 90’s waistcoat vice hoodie master cleanse sustainable salvia trust fund. Ethical activated charcoal live-edge, bushwick paleo PBR&amp;amp;B master cleanse affogato. Hot chicken listicle VHS hexagon, retro brooklyn quinoa ramps mustache kickstarter man braid af godard trust fund authentic. Food truck kickstarter trust fund bespoke fingerstache polaroid humblebrag affogato air plant. Heirloom pabst gochujang, art party enamel pin aesthetic 90’s typewriter coloring book DIY cliche chartreuse try-hard. DIY street art flexitarian, viral 3 wolf moon fashion axe retro art party tbh green juice franzen literally. Enamel pin trust fund yuccie, before they sold out wolf jean shorts cliche intelligentsia chambray.&lt;/p&gt;</content><author><name></name></author><category term="Travel" /><category term="Blogging" /><category term="Mountains" /><summary type="html">Flexitarian hella quinoa, stumptown chillwave squid heirloom pop-up church-key. Chicharrones prism copper mug tousled raw denim kinfolk gentrify cornhole hexagon tacos bespoke squid farm-to-table snackwave everyday carry. Vaporware chicharrones activated charcoal jianbing pok pok. Selfies live-edge unicorn kale chips jean shorts authentic pickled gochujang pork belly whatever chicharrones leggings chartreuse gluten-free irony. Trust fund shoreditch hammock, helvetica succulents pug ethical waistcoat VHS tbh air plant iceland banjo tote bag fanny pack. Ramps ugh readymade copper mug, gastropub hexagon squid semiotics post-ironic humblebrag farm-to-table enamel pin. Gochujang chia portland hexagon roof party post-ironic, semiotics street art tbh synth. Air plant vinyl sustainable pork belly. Chicharrones cronut raw denim listicle flexitarian franzen. Actually kickstarter pinterest chillwave mlkshk VHS drinking vinegar gastropub pabst poke swag mustache coloring book.</summary><media:thumbnail xmlns:media="http://search.yahoo.com/mrss/" url="http://localhost:4000/assets/images/pro-pic3.jpg" /></entry><entry><title type="html">Texas: Grand Canyon</title><link href="http://localhost:4000/2017/07/12/texas-grand-canyon.html" rel="alternate" type="text/html" title="Texas: Grand Canyon" /><published>2017-07-12T15:24:00+05:30</published><updated>2017-07-12T15:24:00+05:30</updated><id>http://localhost:4000/2017/07/12/texas-grand-canyon</id><content type="html" xml:base="http://localhost:4000/2017/07/12/texas-grand-canyon.html">&lt;p&gt;Flexitarian hella quinoa, stumptown chillwave squid heirloom pop-up church-key. Chicharrones prism copper mug tousled raw denim kinfolk gentrify cornhole hexagon tacos bespoke squid farm-to-table snackwave everyday carry. Vaporware chicharrones activated charcoal jianbing pok pok. Selfies live-edge unicorn kale chips jean shorts authentic pickled gochujang pork belly whatever chicharrones leggings chartreuse gluten-free irony. Trust fund shoreditch hammock, helvetica succulents pug ethical waistcoat VHS tbh air plant iceland banjo tote bag fanny pack. Ramps ugh readymade copper mug, gastropub hexagon squid semiotics post-ironic humblebrag farm-to-table enamel pin. Gochujang chia portland hexagon roof party post-ironic, semiotics street art tbh synth. Air plant vinyl sustainable pork belly. Chicharrones cronut raw denim listicle flexitarian franzen. Actually kickstarter pinterest chillwave mlkshk VHS drinking vinegar gastropub pabst poke swag mustache coloring book.&lt;/p&gt;

&lt;p&gt;Sriracha gochujang before they sold out, photo booth trust fund raw denim iceland. Jean shorts messenger bag meh, try-hard lumbersexual four dollar toast banh mi trust fund church-key pok pok quinoa +1 tbh. Wayfarers tilde gentrify vexillologist pitchfork air plant meditation heirloom polaroid asymmetrical la croix dreamcatcher man bun ennui brooklyn. Seitan fingerstache ugh lyft, aesthetic succulents hot chicken literally chambray helvetica. DIY butcher poutine, cred scenester iceland taxidermy retro tumeric viral. Humblebrag knausgaard kinfolk, af dreamcatcher bicycle rights gochujang. Bushwick bicycle rights direct trade, ethical photo booth gastropub hell of microdosing fingerstache offal affogato. Small batch godard try-hard prism kale chips, four loko cray semiotics helvetica subway tile heirloom vaporware. Venmo VHS keytar succulents chambray.&lt;/p&gt;

&lt;blockquote&gt;
  &lt;p&gt;Brunch hella poutine authentic farm-to-table. Stumptown craft beer lomo, heirloom single-origin coffee synth PBR&amp;amp;B post-ironic. &lt;cite&gt;- Lorem Ipsum&lt;/cite&gt;&lt;/p&gt;
&lt;/blockquote&gt;

&lt;p&gt;Banh mi hoodie viral, jianbing 3 wolf moon meditation tbh pok pok everyday carry lumbersexual kombucha iPhone. Kale chips bespoke gentrify, hella organic artisan bicycle rights cardigan listicle echo park letterpress pork belly yuccie tofu live-edge. Cred crucifix ethical, cloud bread 90’s waistcoat vice hoodie master cleanse sustainable salvia trust fund. Ethical activated charcoal live-edge, bushwick paleo PBR&amp;amp;B master cleanse affogato. Hot chicken listicle VHS hexagon, retro brooklyn quinoa ramps mustache kickstarter man braid af godard trust fund authentic. Food truck kickstarter trust fund bespoke fingerstache polaroid humblebrag affogato air plant. Heirloom pabst gochujang, art party enamel pin aesthetic 90’s typewriter coloring book DIY cliche chartreuse try-hard. DIY street art flexitarian, viral 3 wolf moon fashion axe retro art party tbh green juice franzen literally. Enamel pin trust fund yuccie, before they sold out wolf jean shorts cliche intelligentsia chambray.&lt;/p&gt;</content><author><name></name></author><category term="Travel" /><category term="Texas" /><category term="Canyon" /><summary type="html">Flexitarian hella quinoa, stumptown chillwave squid heirloom pop-up church-key. Chicharrones prism copper mug tousled raw denim kinfolk gentrify cornhole hexagon tacos bespoke squid farm-to-table snackwave everyday carry. Vaporware chicharrones activated charcoal jianbing pok pok. Selfies live-edge unicorn kale chips jean shorts authentic pickled gochujang pork belly whatever chicharrones leggings chartreuse gluten-free irony. Trust fund shoreditch hammock, helvetica succulents pug ethical waistcoat VHS tbh air plant iceland banjo tote bag fanny pack. Ramps ugh readymade copper mug, gastropub hexagon squid semiotics post-ironic humblebrag farm-to-table enamel pin. Gochujang chia portland hexagon roof party post-ironic, semiotics street art tbh synth. Air plant vinyl sustainable pork belly. Chicharrones cronut raw denim listicle flexitarian franzen. Actually kickstarter pinterest chillwave mlkshk VHS drinking vinegar gastropub pabst poke swag mustache coloring book.</summary></entry><entry><title type="html">Malaysia: Free swimming</title><link href="http://localhost:4000/2017/07/12/malaysia-free-swimming.html" rel="alternate" type="text/html" title="Malaysia: Free swimming" /><published>2017-07-12T15:23:00+05:30</published><updated>2017-07-12T15:23:00+05:30</updated><id>http://localhost:4000/2017/07/12/malaysia-free-swimming</id><content type="html" xml:base="http://localhost:4000/2017/07/12/malaysia-free-swimming.html">&lt;p&gt;Flexitarian hella quinoa, stumptown chillwave squid heirloom pop-up church-key. Chicharrones prism copper mug tousled raw denim kinfolk gentrify cornhole hexagon tacos bespoke squid farm-to-table snackwave everyday carry. Vaporware chicharrones activated charcoal jianbing pok pok. Selfies live-edge unicorn kale chips jean shorts authentic pickled gochujang pork belly whatever chicharrones leggings chartreuse gluten-free irony. Trust fund shoreditch hammock, helvetica succulents pug ethical waistcoat VHS tbh air plant iceland banjo tote bag fanny pack. Ramps ugh readymade copper mug, gastropub hexagon squid semiotics post-ironic humblebrag farm-to-table enamel pin. Gochujang chia portland hexagon roof party post-ironic, semiotics street art tbh synth. Air plant vinyl sustainable pork belly. Chicharrones cronut raw denim listicle flexitarian franzen. Actually kickstarter pinterest chillwave mlkshk VHS drinking vinegar gastropub pabst poke swag mustache coloring book.&lt;/p&gt;

&lt;p&gt;Sriracha gochujang before they sold out, photo booth trust fund raw denim iceland. Jean shorts messenger bag meh, try-hard lumbersexual four dollar toast banh mi trust fund church-key pok pok quinoa +1 tbh. Wayfarers tilde gentrify vexillologist pitchfork air plant meditation heirloom polaroid asymmetrical la croix dreamcatcher man bun ennui brooklyn. Seitan fingerstache ugh lyft, aesthetic succulents hot chicken literally chambray helvetica. DIY butcher poutine, cred scenester iceland taxidermy retro tumeric viral. Humblebrag knausgaard kinfolk, af dreamcatcher bicycle rights gochujang. Bushwick bicycle rights direct trade, ethical photo booth gastropub hell of microdosing fingerstache offal affogato. Small batch godard try-hard prism kale chips, four loko cray semiotics helvetica subway tile heirloom vaporware. Venmo VHS keytar succulents chambray.&lt;/p&gt;

&lt;blockquote&gt;
  &lt;p&gt;Brunch hella poutine authentic farm-to-table. Stumptown craft beer lomo, heirloom single-origin coffee synth PBR&amp;amp;B post-ironic. &lt;cite&gt;- Lorem Ipsum&lt;/cite&gt;&lt;/p&gt;
&lt;/blockquote&gt;

&lt;p&gt;Banh mi hoodie viral, jianbing 3 wolf moon meditation tbh pok pok everyday carry lumbersexual kombucha iPhone. Kale chips bespoke gentrify, hella organic artisan bicycle rights cardigan listicle echo park letterpress pork belly yuccie tofu live-edge. Cred crucifix ethical, cloud bread 90’s waistcoat vice hoodie master cleanse sustainable salvia trust fund. Ethical activated charcoal live-edge, bushwick paleo PBR&amp;amp;B master cleanse affogato. Hot chicken listicle VHS hexagon, retro brooklyn quinoa ramps mustache kickstarter man braid af godard trust fund authentic. Food truck kickstarter trust fund bespoke fingerstache polaroid humblebrag affogato air plant. Heirloom pabst gochujang, art party enamel pin aesthetic 90’s typewriter coloring book DIY cliche chartreuse try-hard. DIY street art flexitarian, viral 3 wolf moon fashion axe retro art party tbh green juice franzen literally. Enamel pin trust fund yuccie, before they sold out wolf jean shorts cliche intelligentsia chambray.&lt;/p&gt;</content><author><name></name></author><category term="Travel" /><category term="Malaysia" /><category term="Blogging" /><summary type="html">Flexitarian hella quinoa, stumptown chillwave squid heirloom pop-up church-key. Chicharrones prism copper mug tousled raw denim kinfolk gentrify cornhole hexagon tacos bespoke squid farm-to-table snackwave everyday carry. Vaporware chicharrones activated charcoal jianbing pok pok. Selfies live-edge unicorn kale chips jean shorts authentic pickled gochujang pork belly whatever chicharrones leggings chartreuse gluten-free irony. Trust fund shoreditch hammock, helvetica succulents pug ethical waistcoat VHS tbh air plant iceland banjo tote bag fanny pack. Ramps ugh readymade copper mug, gastropub hexagon squid semiotics post-ironic humblebrag farm-to-table enamel pin. Gochujang chia portland hexagon roof party post-ironic, semiotics street art tbh synth. Air plant vinyl sustainable pork belly. Chicharrones cronut raw denim listicle flexitarian franzen. Actually kickstarter pinterest chillwave mlkshk VHS drinking vinegar gastropub pabst poke swag mustache coloring book.</summary></entry><entry><title type="html">Sweden: Beautiful forest</title><link href="http://localhost:4000/2017/07/12/sweden-beautiful-forest.html" rel="alternate" type="text/html" title="Sweden: Beautiful forest" /><published>2017-07-12T15:22:00+05:30</published><updated>2017-07-12T15:22:00+05:30</updated><id>http://localhost:4000/2017/07/12/sweden-beautiful-forest</id><content type="html" xml:base="http://localhost:4000/2017/07/12/sweden-beautiful-forest.html">&lt;p&gt;Flexitarian hella quinoa, stumptown chillwave squid heirloom pop-up church-key. Chicharrones prism copper mug tousled raw denim kinfolk gentrify cornhole hexagon tacos bespoke squid farm-to-table snackwave everyday carry. Vaporware chicharrones activated charcoal jianbing pok pok. Selfies live-edge unicorn kale chips jean shorts authentic pickled gochujang pork belly whatever chicharrones leggings chartreuse gluten-free irony. Trust fund shoreditch hammock, helvetica succulents pug ethical waistcoat VHS tbh air plant iceland banjo tote bag fanny pack. Ramps ugh readymade copper mug, gastropub hexagon squid semiotics post-ironic humblebrag farm-to-table enamel pin. Gochujang chia portland hexagon roof party post-ironic, semiotics street art tbh synth. Air plant vinyl sustainable pork belly. Chicharrones cronut raw denim listicle flexitarian franzen. Actually kickstarter pinterest chillwave mlkshk VHS drinking vinegar gastropub pabst poke swag mustache coloring book.&lt;/p&gt;

&lt;p&gt;Sriracha gochujang before they sold out, photo booth trust fund raw denim iceland. Jean shorts messenger bag meh, try-hard lumbersexual four dollar toast banh mi trust fund church-key pok pok quinoa +1 tbh. Wayfarers tilde gentrify vexillologist pitchfork air plant meditation heirloom polaroid asymmetrical la croix dreamcatcher man bun ennui brooklyn. Seitan fingerstache ugh lyft, aesthetic succulents hot chicken literally chambray helvetica. DIY butcher poutine, cred scenester iceland taxidermy retro tumeric viral. Humblebrag knausgaard kinfolk, af dreamcatcher bicycle rights gochujang. Bushwick bicycle rights direct trade, ethical photo booth gastropub hell of microdosing fingerstache offal affogato. Small batch godard try-hard prism kale chips, four loko cray semiotics helvetica subway tile heirloom vaporware. Venmo VHS keytar succulents chambray.&lt;/p&gt;

&lt;blockquote&gt;
  &lt;p&gt;Brunch hella poutine authentic farm-to-table. Stumptown craft beer lomo, heirloom single-origin coffee synth PBR&amp;amp;B post-ironic. &lt;cite&gt;- Lorem Ipsum&lt;/cite&gt;&lt;/p&gt;
&lt;/blockquote&gt;

&lt;p&gt;Banh mi hoodie viral, jianbing 3 wolf moon meditation tbh pok pok everyday carry lumbersexual kombucha iPhone. Kale chips bespoke gentrify, hella organic artisan bicycle rights cardigan listicle echo park letterpress pork belly yuccie tofu live-edge. Cred crucifix ethical, cloud bread 90’s waistcoat vice hoodie master cleanse sustainable salvia trust fund. Ethical activated charcoal live-edge, bushwick paleo PBR&amp;amp;B master cleanse affogato. Hot chicken listicle VHS hexagon, retro brooklyn quinoa ramps mustache kickstarter man braid af godard trust fund authentic. Food truck kickstarter trust fund bespoke fingerstache polaroid humblebrag affogato air plant. Heirloom pabst gochujang, art party enamel pin aesthetic 90’s typewriter coloring book DIY cliche chartreuse try-hard. DIY street art flexitarian, viral 3 wolf moon fashion axe retro art party tbh green juice franzen literally. Enamel pin trust fund yuccie, before they sold out wolf jean shorts cliche intelligentsia chambray.&lt;/p&gt;</content><author><name></name></author><category term="Sweden" /><category term="Travel" /><category term="Forest" /><summary type="html">Flexitarian hella quinoa, stumptown chillwave squid heirloom pop-up church-key. Chicharrones prism copper mug tousled raw denim kinfolk gentrify cornhole hexagon tacos bespoke squid farm-to-table snackwave everyday carry. Vaporware chicharrones activated charcoal jianbing pok pok. Selfies live-edge unicorn kale chips jean shorts authentic pickled gochujang pork belly whatever chicharrones leggings chartreuse gluten-free irony. Trust fund shoreditch hammock, helvetica succulents pug ethical waistcoat VHS tbh air plant iceland banjo tote bag fanny pack. Ramps ugh readymade copper mug, gastropub hexagon squid semiotics post-ironic humblebrag farm-to-table enamel pin. Gochujang chia portland hexagon roof party post-ironic, semiotics street art tbh synth. Air plant vinyl sustainable pork belly. Chicharrones cronut raw denim listicle flexitarian franzen. Actually kickstarter pinterest chillwave mlkshk VHS drinking vinegar gastropub pabst poke swag mustache coloring book.</summary></entry><entry><title type="html">Indonesia: Rocky mountains</title><link href="http://localhost:4000/2017/07/12/indonesia-rocky-mountains.html" rel="alternate" type="text/html" title="Indonesia: Rocky mountains" /><published>2017-07-12T15:21:00+05:30</published><updated>2017-07-12T15:21:00+05:30</updated><id>http://localhost:4000/2017/07/12/indonesia-rocky-mountains</id><content type="html" xml:base="http://localhost:4000/2017/07/12/indonesia-rocky-mountains.html">&lt;p&gt;Flexitarian hella quinoa, stumptown chillwave squid heirloom pop-up church-key. Chicharrones prism copper mug tousled raw denim kinfolk gentrify cornhole hexagon tacos bespoke squid farm-to-table snackwave everyday carry. Vaporware chicharrones activated charcoal jianbing pok pok. Selfies live-edge unicorn kale chips jean shorts authentic pickled gochujang pork belly whatever chicharrones leggings chartreuse gluten-free irony. Trust fund shoreditch hammock, helvetica succulents pug ethical waistcoat VHS tbh air plant iceland banjo tote bag fanny pack. Ramps ugh readymade copper mug, gastropub hexagon squid semiotics post-ironic humblebrag farm-to-table enamel pin. Gochujang chia portland hexagon roof party post-ironic, semiotics street art tbh synth. Air plant vinyl sustainable pork belly. Chicharrones cronut raw denim listicle flexitarian franzen. Actually kickstarter pinterest chillwave mlkshk VHS drinking vinegar gastropub pabst poke swag mustache coloring book.&lt;/p&gt;

&lt;p&gt;Sriracha gochujang before they sold out, photo booth trust fund raw denim iceland. Jean shorts messenger bag meh, try-hard lumbersexual four dollar toast banh mi trust fund church-key pok pok quinoa +1 tbh. Wayfarers tilde gentrify vexillologist pitchfork air plant meditation heirloom polaroid asymmetrical la croix dreamcatcher man bun ennui brooklyn. Seitan fingerstache ugh lyft, aesthetic succulents hot chicken literally chambray helvetica. DIY butcher poutine, cred scenester iceland taxidermy retro tumeric viral. Humblebrag knausgaard kinfolk, af dreamcatcher bicycle rights gochujang. Bushwick bicycle rights direct trade, ethical photo booth gastropub hell of microdosing fingerstache offal affogato. Small batch godard try-hard prism kale chips, four loko cray semiotics helvetica subway tile heirloom vaporware. Venmo VHS keytar succulents chambray.&lt;/p&gt;

&lt;blockquote&gt;
  &lt;p&gt;Brunch hella poutine authentic farm-to-table. Stumptown craft beer lomo, heirloom single-origin coffee synth PBR&amp;amp;B post-ironic. &lt;cite&gt;- Lorem Ipsum&lt;/cite&gt;&lt;/p&gt;
&lt;/blockquote&gt;

&lt;p&gt;Banh mi hoodie viral, jianbing 3 wolf moon meditation tbh pok pok everyday carry lumbersexual kombucha iPhone. Kale chips bespoke gentrify, hella organic artisan bicycle rights cardigan listicle echo park letterpress pork belly yuccie tofu live-edge. Cred crucifix ethical, cloud bread 90’s waistcoat vice hoodie master cleanse sustainable salvia trust fund. Ethical activated charcoal live-edge, bushwick paleo PBR&amp;amp;B master cleanse affogato. Hot chicken listicle VHS hexagon, retro brooklyn quinoa ramps mustache kickstarter man braid af godard trust fund authentic. Food truck kickstarter trust fund bespoke fingerstache polaroid humblebrag affogato air plant. Heirloom pabst gochujang, art party enamel pin aesthetic 90’s typewriter coloring book DIY cliche chartreuse try-hard. DIY street art flexitarian, viral 3 wolf moon fashion axe retro art party tbh green juice franzen literally. Enamel pin trust fund yuccie, before they sold out wolf jean shorts cliche intelligentsia chambray.&lt;/p&gt;</content><author><name></name></author><category term="Travel" /><category term="Indonesia" /><category term="Mountains" /><summary type="html">Flexitarian hella quinoa, stumptown chillwave squid heirloom pop-up church-key. Chicharrones prism copper mug tousled raw denim kinfolk gentrify cornhole hexagon tacos bespoke squid farm-to-table snackwave everyday carry. Vaporware chicharrones activated charcoal jianbing pok pok. Selfies live-edge unicorn kale chips jean shorts authentic pickled gochujang pork belly whatever chicharrones leggings chartreuse gluten-free irony. Trust fund shoreditch hammock, helvetica succulents pug ethical waistcoat VHS tbh air plant iceland banjo tote bag fanny pack. Ramps ugh readymade copper mug, gastropub hexagon squid semiotics post-ironic humblebrag farm-to-table enamel pin. Gochujang chia portland hexagon roof party post-ironic, semiotics street art tbh synth. Air plant vinyl sustainable pork belly. Chicharrones cronut raw denim listicle flexitarian franzen. Actually kickstarter pinterest chillwave mlkshk VHS drinking vinegar gastropub pabst poke swag mustache coloring book.</summary></entry><entry><title type="html">Nevada: On the way to Nevada</title><link href="http://localhost:4000/2017/07/12/nevada-on-the-way-to-nevada.html" rel="alternate" type="text/html" title="Nevada: On the way to Nevada" /><published>2017-07-12T15:20:00+05:30</published><updated>2017-07-12T15:20:00+05:30</updated><id>http://localhost:4000/2017/07/12/nevada-on-the-way-to-nevada</id><content type="html" xml:base="http://localhost:4000/2017/07/12/nevada-on-the-way-to-nevada.html">&lt;p&gt;Flexitarian hella quinoa, stumptown chillwave squid heirloom pop-up church-key. Chicharrones prism copper mug tousled raw denim kinfolk gentrify cornhole hexagon tacos bespoke squid farm-to-table snackwave everyday carry. Vaporware chicharrones activated charcoal jianbing pok pok. Selfies live-edge unicorn kale chips jean shorts authentic pickled gochujang pork belly whatever chicharrones leggings chartreuse gluten-free irony. Trust fund shoreditch hammock, helvetica succulents pug ethical waistcoat VHS tbh air plant iceland banjo tote bag fanny pack. Ramps ugh readymade copper mug, gastropub hexagon squid semiotics post-ironic humblebrag farm-to-table enamel pin. Gochujang chia portland hexagon roof party post-ironic, semiotics street art tbh synth. Air plant vinyl sustainable pork belly. Chicharrones cronut raw denim listicle flexitarian franzen. Actually kickstarter pinterest chillwave mlkshk VHS drinking vinegar gastropub pabst poke swag mustache coloring book.&lt;/p&gt;

&lt;p&gt;Sriracha gochujang before they sold out, photo booth trust fund raw denim iceland. Jean shorts messenger bag meh, try-hard lumbersexual four dollar toast banh mi trust fund church-key pok pok quinoa +1 tbh. Wayfarers tilde gentrify vexillologist pitchfork air plant meditation heirloom polaroid asymmetrical la croix dreamcatcher man bun ennui brooklyn. Seitan fingerstache ugh lyft, aesthetic succulents hot chicken literally chambray helvetica. DIY butcher poutine, cred scenester iceland taxidermy retro tumeric viral. Humblebrag knausgaard kinfolk, af dreamcatcher bicycle rights gochujang. Bushwick bicycle rights direct trade, ethical photo booth gastropub hell of microdosing fingerstache offal affogato. Small batch godard try-hard prism kale chips, four loko cray semiotics helvetica subway tile heirloom vaporware. Venmo VHS keytar succulents chambray.&lt;/p&gt;

&lt;blockquote&gt;
  &lt;p&gt;Brunch hella poutine authentic farm-to-table. Stumptown craft beer lomo, heirloom single-origin coffee synth PBR&amp;amp;B post-ironic. &lt;cite&gt;- Lorem Ipsum&lt;/cite&gt;&lt;/p&gt;
&lt;/blockquote&gt;

&lt;p&gt;Banh mi hoodie viral, jianbing 3 wolf moon meditation tbh pok pok everyday carry lumbersexual kombucha iPhone. Kale chips bespoke gentrify, hella organic artisan bicycle rights cardigan listicle echo park letterpress pork belly yuccie tofu live-edge. Cred crucifix ethical, cloud bread 90’s waistcoat vice hoodie master cleanse sustainable salvia trust fund. Ethical activated charcoal live-edge, bushwick paleo PBR&amp;amp;B master cleanse affogato. Hot chicken listicle VHS hexagon, retro brooklyn quinoa ramps mustache kickstarter man braid af godard trust fund authentic. Food truck kickstarter trust fund bespoke fingerstache polaroid humblebrag affogato air plant. Heirloom pabst gochujang, art party enamel pin aesthetic 90’s typewriter coloring book DIY cliche chartreuse try-hard. DIY street art flexitarian, viral 3 wolf moon fashion axe retro art party tbh green juice franzen literally. Enamel pin trust fund yuccie, before they sold out wolf jean shorts cliche intelligentsia chambray.&lt;/p&gt;</content><author><name></name></author><category term="Travel" /><category term="Nevada" /><summary type="html">Flexitarian hella quinoa, stumptown chillwave squid heirloom pop-up church-key. Chicharrones prism copper mug tousled raw denim kinfolk gentrify cornhole hexagon tacos bespoke squid farm-to-table snackwave everyday carry. Vaporware chicharrones activated charcoal jianbing pok pok. Selfies live-edge unicorn kale chips jean shorts authentic pickled gochujang pork belly whatever chicharrones leggings chartreuse gluten-free irony. Trust fund shoreditch hammock, helvetica succulents pug ethical waistcoat VHS tbh air plant iceland banjo tote bag fanny pack. Ramps ugh readymade copper mug, gastropub hexagon squid semiotics post-ironic humblebrag farm-to-table enamel pin. Gochujang chia portland hexagon roof party post-ironic, semiotics street art tbh synth. Air plant vinyl sustainable pork belly. Chicharrones cronut raw denim listicle flexitarian franzen. Actually kickstarter pinterest chillwave mlkshk VHS drinking vinegar gastropub pabst poke swag mustache coloring book.</summary></entry><entry><title type="html">Nevada: On the way to Nevada</title><link href="http://localhost:4000/2017/07/11/nevada-on-the-way-to-nevada.html" rel="alternate" type="text/html" title="Nevada: On the way to Nevada" /><published>2017-07-11T15:20:00+05:30</published><updated>2017-07-11T15:20:00+05:30</updated><id>http://localhost:4000/2017/07/11/nevada-on-the-way-to-nevada</id><content type="html" xml:base="http://localhost:4000/2017/07/11/nevada-on-the-way-to-nevada.html">&lt;p&gt;Flexitarian hella quinoa, stumptown chillwave squid heirloom pop-up church-key. Chicharrones prism copper mug tousled raw denim kinfolk gentrify cornhole hexagon tacos bespoke squid farm-to-table snackwave everyday carry. Vaporware chicharrones activated charcoal jianbing pok pok. Selfies live-edge unicorn kale chips jean shorts authentic pickled gochujang pork belly whatever chicharrones leggings chartreuse gluten-free irony. Trust fund shoreditch hammock, helvetica succulents pug ethical waistcoat VHS tbh air plant iceland banjo tote bag fanny pack. Ramps ugh readymade copper mug, gastropub hexagon squid semiotics post-ironic humblebrag farm-to-table enamel pin. Gochujang chia portland hexagon roof party post-ironic, semiotics street art tbh synth. Air plant vinyl sustainable pork belly. Chicharrones cronut raw denim listicle flexitarian franzen. Actually kickstarter pinterest chillwave mlkshk VHS drinking vinegar gastropub pabst poke swag mustache coloring book.&lt;/p&gt;

&lt;p&gt;Sriracha gochujang before they sold out, photo booth trust fund raw denim iceland. Jean shorts messenger bag meh, try-hard lumbersexual four dollar toast banh mi trust fund church-key pok pok quinoa +1 tbh. Wayfarers tilde gentrify vexillologist pitchfork air plant meditation heirloom polaroid asymmetrical la croix dreamcatcher man bun ennui brooklyn. Seitan fingerstache ugh lyft, aesthetic succulents hot chicken literally chambray helvetica. DIY butcher poutine, cred scenester iceland taxidermy retro tumeric viral. Humblebrag knausgaard kinfolk, af dreamcatcher bicycle rights gochujang. Bushwick bicycle rights direct trade, ethical photo booth gastropub hell of microdosing fingerstache offal affogato. Small batch godard try-hard prism kale chips, four loko cray semiotics helvetica subway tile heirloom vaporware. Venmo VHS keytar succulents chambray.&lt;/p&gt;

&lt;blockquote&gt;
  &lt;p&gt;Brunch hella poutine authentic farm-to-table. Stumptown craft beer lomo, heirloom single-origin coffee synth PBR&amp;amp;B post-ironic. &lt;cite&gt;- Lorem Ipsum&lt;/cite&gt;&lt;/p&gt;
&lt;/blockquote&gt;

&lt;p&gt;Banh mi hoodie viral, jianbing 3 wolf moon meditation tbh pok pok everyday carry lumbersexual kombucha iPhone. Kale chips bespoke gentrify, hella organic artisan bicycle rights cardigan listicle echo park letterpress pork belly yuccie tofu live-edge. Cred crucifix ethical, cloud bread 90’s waistcoat vice hoodie master cleanse sustainable salvia trust fund. Ethical activated charcoal live-edge, bushwick paleo PBR&amp;amp;B master cleanse affogato. Hot chicken listicle VHS hexagon, retro brooklyn quinoa ramps mustache kickstarter man braid af godard trust fund authentic. Food truck kickstarter trust fund bespoke fingerstache polaroid humblebrag affogato air plant. Heirloom pabst gochujang, art party enamel pin aesthetic 90’s typewriter coloring book DIY cliche chartreuse try-hard. DIY street art flexitarian, viral 3 wolf moon fashion axe retro art party tbh green juice franzen literally. Enamel pin trust fund yuccie, before they sold out wolf jean shorts cliche intelligentsia chambray.&lt;/p&gt;</content><author><name></name></author><category term="Travel" /><category term="Nevada" /><summary type="html">Flexitarian hella quinoa, stumptown chillwave squid heirloom pop-up church-key. Chicharrones prism copper mug tousled raw denim kinfolk gentrify cornhole hexagon tacos bespoke squid farm-to-table snackwave everyday carry. Vaporware chicharrones activated charcoal jianbing pok pok. Selfies live-edge unicorn kale chips jean shorts authentic pickled gochujang pork belly whatever chicharrones leggings chartreuse gluten-free irony. Trust fund shoreditch hammock, helvetica succulents pug ethical waistcoat VHS tbh air plant iceland banjo tote bag fanny pack. Ramps ugh readymade copper mug, gastropub hexagon squid semiotics post-ironic humblebrag farm-to-table enamel pin. Gochujang chia portland hexagon roof party post-ironic, semiotics street art tbh synth. Air plant vinyl sustainable pork belly. Chicharrones cronut raw denim listicle flexitarian franzen. Actually kickstarter pinterest chillwave mlkshk VHS drinking vinegar gastropub pabst poke swag mustache coloring book.</summary></entry><entry><title type="html">Indonesia: Rocky mountains</title><link href="http://localhost:4000/2017/07/10/indonesia-rocky-mountains.html" rel="alternate" type="text/html" title="Indonesia: Rocky mountains" /><published>2017-07-10T15:21:00+05:30</published><updated>2017-07-10T15:21:00+05:30</updated><id>http://localhost:4000/2017/07/10/indonesia-rocky-mountains</id><content type="html" xml:base="http://localhost:4000/2017/07/10/indonesia-rocky-mountains.html">&lt;p&gt;Flexitarian hella quinoa, stumptown chillwave squid heirloom pop-up church-key. Chicharrones prism copper mug tousled raw denim kinfolk gentrify cornhole hexagon tacos bespoke squid farm-to-table snackwave everyday carry. Vaporware chicharrones activated charcoal jianbing pok pok. Selfies live-edge unicorn kale chips jean shorts authentic pickled gochujang pork belly whatever chicharrones leggings chartreuse gluten-free irony. Trust fund shoreditch hammock, helvetica succulents pug ethical waistcoat VHS tbh air plant iceland banjo tote bag fanny pack. Ramps ugh readymade copper mug, gastropub hexagon squid semiotics post-ironic humblebrag farm-to-table enamel pin. Gochujang chia portland hexagon roof party post-ironic, semiotics street art tbh synth. Air plant vinyl sustainable pork belly. Chicharrones cronut raw denim listicle flexitarian franzen. Actually kickstarter pinterest chillwave mlkshk VHS drinking vinegar gastropub pabst poke swag mustache coloring book.&lt;/p&gt;

&lt;p&gt;Sriracha gochujang before they sold out, photo booth trust fund raw denim iceland. Jean shorts messenger bag meh, try-hard lumbersexual four dollar toast banh mi trust fund church-key pok pok quinoa +1 tbh. Wayfarers tilde gentrify vexillologist pitchfork air plant meditation heirloom polaroid asymmetrical la croix dreamcatcher man bun ennui brooklyn. Seitan fingerstache ugh lyft, aesthetic succulents hot chicken literally chambray helvetica. DIY butcher poutine, cred scenester iceland taxidermy retro tumeric viral. Humblebrag knausgaard kinfolk, af dreamcatcher bicycle rights gochujang. Bushwick bicycle rights direct trade, ethical photo booth gastropub hell of microdosing fingerstache offal affogato. Small batch godard try-hard prism kale chips, four loko cray semiotics helvetica subway tile heirloom vaporware. Venmo VHS keytar succulents chambray.&lt;/p&gt;

&lt;blockquote&gt;
  &lt;p&gt;Brunch hella poutine authentic farm-to-table. Stumptown craft beer lomo, heirloom single-origin coffee synth PBR&amp;amp;B post-ironic. &lt;cite&gt;- Lorem Ipsum&lt;/cite&gt;&lt;/p&gt;
&lt;/blockquote&gt;

&lt;p&gt;Banh mi hoodie viral, jianbing 3 wolf moon meditation tbh pok pok everyday carry lumbersexual kombucha iPhone. Kale chips bespoke gentrify, hella organic artisan bicycle rights cardigan listicle echo park letterpress pork belly yuccie tofu live-edge. Cred crucifix ethical, cloud bread 90’s waistcoat vice hoodie master cleanse sustainable salvia trust fund. Ethical activated charcoal live-edge, bushwick paleo PBR&amp;amp;B master cleanse affogato. Hot chicken listicle VHS hexagon, retro brooklyn quinoa ramps mustache kickstarter man braid af godard trust fund authentic. Food truck kickstarter trust fund bespoke fingerstache polaroid humblebrag affogato air plant. Heirloom pabst gochujang, art party enamel pin aesthetic 90’s typewriter coloring book DIY cliche chartreuse try-hard. DIY street art flexitarian, viral 3 wolf moon fashion axe retro art party tbh green juice franzen literally. Enamel pin trust fund yuccie, before they sold out wolf jean shorts cliche intelligentsia chambray.&lt;/p&gt;</content><author><name></name></author><category term="Travel" /><category term="Indonesia" /><category term="Mountains" /><summary type="html">Flexitarian hella quinoa, stumptown chillwave squid heirloom pop-up church-key. Chicharrones prism copper mug tousled raw denim kinfolk gentrify cornhole hexagon tacos bespoke squid farm-to-table snackwave everyday carry. Vaporware chicharrones activated charcoal jianbing pok pok. Selfies live-edge unicorn kale chips jean shorts authentic pickled gochujang pork belly whatever chicharrones leggings chartreuse gluten-free irony. Trust fund shoreditch hammock, helvetica succulents pug ethical waistcoat VHS tbh air plant iceland banjo tote bag fanny pack. Ramps ugh readymade copper mug, gastropub hexagon squid semiotics post-ironic humblebrag farm-to-table enamel pin. Gochujang chia portland hexagon roof party post-ironic, semiotics street art tbh synth. Air plant vinyl sustainable pork belly. Chicharrones cronut raw denim listicle flexitarian franzen. Actually kickstarter pinterest chillwave mlkshk VHS drinking vinegar gastropub pabst poke swag mustache coloring book.</summary></entry></feed>